[
  {
    "title": "Sharp Objects",
    "price": "£47.82"
  },
  {
    "title": "In a Dark, Dark ...",
    "price": "£19.63"
  },
  {
    "title": "The Past Never Ends",
    "price": "£56.50"
  },
  {
    "title": "A Murder in Time",
    "price": "£16.64"
  },
  {
    "title": "The Murder of Roger ...",
    "price": "£44.10"
  },
  {
    "title": "The Last Mile (Amos ...",
    "price": "£54.21"
  },
  {
    "title": "That Darkness (Gardiner and ...",
    "price": "£13.92"
  },
  {
    "title": "Tastes Like Fear (DI ...",
    "price": "£10.69"
  },
  {
    "title": "A Time of Torment ...",
    "price": "£48.35"
  },
  {
    "title": "A Study in Scarlet ...",
    "price": "£16.73"
  },
  {
    "title": "Poisonous (Max Revere Novels ...",
    "price": "£26.80"
  },
  {
    "title": "Murder at the 42nd ...",
    "price": "£54.36"
  },
  {
    "title": "Most Wanted",
    "price": "£35.28"
  },
  {
    "title": "Hide Away (Eve Duncan ...",
    "price": "£11.84"
  },
  {
    "title": "Boar Island (Anna Pigeon ...",
    "price": "£59.48"
  },
  {
    "title": "The Widow",
    "price": "£27.26"
  },
  {
    "title": "Playing with Fire",
    "price": "£13.71"
  },
  {
    "title": "What Happened on Beale ...",
    "price": "£25.37"
  },
  {
    "title": "The Bachelor Girl's Guide ...",
    "price": "£52.30"
  },
  {
    "title": "Delivering the Truth (Quaker ...",
    "price": "£20.89"
  }
]